TEAM_ID,TEAM_NAME,GP,W,L,W_PCT,MIN,FGM,FGA,FG_PCT,FG3M,FG3A,FG3_PCT,FTM,FTA,FT_PCT,OREB,DREB,REB,AST,TOV,STL,BLK,BLKA,PF,PFD,PTS,PLUS_MINUS,GP_RANK,W_RANK,L_RANK,W_PCT_RANK,MIN_RANK,FGM_RANK,FGA_RANK,FG_PCT_RANK,FG3M_RANK,FG3A_RANK,FG3_PCT_RANK,FTM_RANK,FTA_RANK,FT_PCT_RANK,OREB_RANK,DREB_RANK,REB_RANK,AST_RANK,TOV_RANK,STL_RANK,BLK_RANK,BLKA_RANK,PF_RANK,PFD_RANK,PTS_RANK,PLUS_MINUS_RANK
1610612737,Atlanta Hawks,5,1,4,0.2,240.0,172,391,0.44,57,175,0.326,86,110,0.782,43,154,197,93,82.0,29,12,15,108,117,487,-60.0,13,13,1,13,13,15,15,13,11,13,12,14,14,10,13,14,15,15,5,15,16,2,3,13,14,15
1610612738,Boston Celtics,24,14,10,0.583,1152.0,881,1962,0.449,328,879,0.373,443,556,0.797,216,814,1030,588,353.0,154,150,113,497,521,2533,86.0,1,2,16,3,1,2,1,7,1,1,5,1,1,6,1,1,1,2,16,2,1,16,16,1,1,2
1610612751,Brooklyn Nets,4,0,4,0.0,192.0,157,312,0.503,46,109,0.422,76,103,0.738,34,102,136,89,61.0,32,26,16,99,98,436,-18.0,16,16,1,16,16,16,16,1,16,16,1,15,15,14,16,16,16,16,2,14,11,3,2,15,16,10
1610612741,Chicago Bulls,5,1,4,0.2,240.0,182,451,0.404,52,184,0.283,60,72,0.833,41,179,220,115,65.0,39,16,24,93,89,476,-73.0,13,13,1,13,13,14,13,16,14,11,15,16,16,2,15,12,13,13,3,11,15,4,1,16,15,16
1610612742,Dallas Mavericks,18,9,9,0.5,864.0,653,1455,0.449,284,747,0.38,324,420,0.771,117,540,657,345,184.0,129,50,64,380,397,1914,13.0,3,4,15,6,3,4,4,8,3,3,3,3,3,12,6,4,4,4,13,4,7,11,13,3,3,6
1610612743,Denver Nuggets,5,1,4,0.2,240.0,197,414,0.476,56,157,0.357,100,126,0.794,56,153,209,125,82.0,35,17,31,125,116,550,-40.0,13,13,1,13,13,13,14,4,12,15,9,12,12,7,11,15,14,11,5,13,14,7,4,14,13,13
1610612744,Golden State Warriors,22,16,6,0.727,1056.0,910,1895,0.48,308,821,0.375,333,435,0.766,216,750,966,594,320.0,170,109,107,474,424,2461,111.0,2,1,10,1,2,1,2,3,2,2,4,2,2,13,1,2,2,1,15,1,2,15,15,2,2,1
1610612763,Memphis Grizzlies,12,6,6,0.5,576.0,477,1096,0.435,157,430,0.365,239,325,0.735,149,401,550,302,168.0,110,73,81,249,285,1350,29.0,6,7,10,6,7,6,5,15,5,5,7,5,5,15,4,6,6,6,10,5,3,13,11,5,6,4
1610612748,Miami Heat,18,11,7,0.611,864.0,684,1536,0.445,196,626,0.313,312,388,0.804,177,562,739,394,233.0,150,66,83,386,386,1876,69.0,3,3,14,2,3,3,3,10,4,4,13,4,4,5,3,3,3,3,14,3,4,14,14,4,4,3
1610612749,Milwaukee Bucks,12,7,5,0.583,576.0,462,1056,0.438,127,388,0.327,182,249,0.731,117,488,605,250,165.0,76,54,66,229,241,1233,18.0,6,5,9,3,7,7,7,14,8,7,11,8,7,16,6,5,5,8,9,7,5,12,9,8,8,5
1610612750,Minnesota Timberwolves,6,2,4,0.333,288.0,218,492,0.443,83,214,0.388,136,168,0.81,42,198,240,137,106.0,49,47,37,161,139,655,-33.0,9,9,1,9,10,11,11,11,9,9,2,9,10,4,14,10,11,9,8,9,9,8,8,9,10,11
1610612740,New Orleans Pelicans,6,2,4,0.333,288.0,234,506,0.462,56,158,0.354,135,173,0.78,91,183,274,128,87.0,38,21,24,127,136,659,-9.0,9,9,1,9,10,9,10,6,12,14,10,10,9,11,9,11,9,10,7,12,13,4,5,11,9,8
1610612755,Philadelphia 76ers,12,6,6,0.5,581.0,437,939,0.465,149,400,0.373,231,272,0.849,92,376,468,261,177.0,73,52,50,247,246,1254,4.0,6,7,10,6,6,8,8,5,6,6,6,6,6,1,8,8,8,7,12,8,6,10,10,7,7,7
1610612756,Phoenix Suns,13,7,6,0.538,624.0,535,1076,0.497,128,353,0.363,201,246,0.817,123,399,522,334,173.0,86,49,39,292,276,1399,-13.0,5,5,10,5,5,5,6,2,7,8,8,7,8,3,5,7,7,5,11,6,8,9,12,6,5,9
1610612761,Toronto Raptors,6,2,4,0.333,293.0,230,516,0.446,59,197,0.299,100,126,0.794,60,165,225,124,60.0,40,29,29,133,122,619,-50.0,9,9,1,9,9,10,9,9,10,10,14,12,12,7,10,13,12,12,1,10,10,6,7,12,11,14
1610612762,Utah Jazz,6,2,4,0.333,288.0,210,474,0.443,49,179,0.274,125,159,0.786,56,213,269,103,70.0,24,22,14,132,139,594,-34.0,9,9,1,9,10,12,12,12,15,12,16,11,11,9,11,9,10,14,4,16,12,1,6,9,12,12
